timestamp,temperature,pH,dissolved_oxygen,temperature_norm,pH_norm,dissolved_oxygen_norm,recovered_dissolved_oxygen_norm
2024-01-01 00:00:00,24.124178538252806,7.2240810010268,7.119695847162426,0.517050081217282,0.5739285005098212,0.949797137433015,0.9490196078431372
2024-01-01 00:30:00,24.226486309147305,7.270499473834803,6.868153594651523,0.5374191727285701,0.6855702252347985,0.8989043765554704,0.8980392156862745
2024-01-01 01:00:00,24.679560224730213,7.30369099951966,7.013289867633945,0.6276244813497762,0.7653996325709205,0.928268769860457,0.9294117647058824
2024-01-01 01:30:00,25.146124328832187,7.318224580230079,6.9073050865118795,0.7205156356506104,0.8003545528599185,0.906825620375778,0.9058823529411765
2024-01-01 02:00:00,24.941461656319166,7.314595932345542,6.9014491575195205,0.6797680690785517,0.7916272405692929,0.9056408317728728,0.9058823529411765
2024-01-01 02:30:00,25.158988618780146,7.355874338008738,6.898191321867972,0.7230768672842068,0.890906517188276,0.9049816969788668,0.9058823529411765
2024-01-01 03:00:00,25.809016766249943,7.311903831616241,6.959703537751066,0.8524950210076341,0.7851524310727445,0.9174270275853045,0.9176470588235294
2024-01-01 03:30:00,25.778565362870697,7.343941940375517,6.759117456427195,0.8464322613887324,0.8622077390663174,0.8768438676180261,0.8784313725490196
2024-01-01 04:00:00,25.61468221108514,7.353567103223966,7.030981788733401,0.813803743665277,0.8853573542120867,0.931848250846221,0.9333333333333333
2024-01-01 04:30:00,25.983399075919063,7.364570481676143,6.512529368880207,0.8872138814865999,0.9118217351770473,0.8269534478197222,0.8274509803921568
2024-01-01 05:00:00,25.81599722937502,7.367113064542187,6.553865850801125,0.8538848049012986,0.9179369371483717,0.8353167651905445,0.8352941176470589
2024-01-01 05:30:00,25.866457284355057,7.306158583958543,6.3929670348915755,0.8639312116264816,0.7713344547655413,0.8027632483088833,0.803921568627451
2024-01-01 06:00:00,26.06049056789151,7.285613959161487,6.65175333134742,0.9025625069233498,0.7219222874230734,0.8551216452479495,0.8549019607843137
2024-01-01 06:30:00,25.504569661583172,7.359454874368518,6.276913176065606,0.7918807501552365,0.8995181157710156,0.7792828937076602,0.7803921568627451
2024-01-01 07:00:00,25.50062219444988,7.318508700529119,6.3151501550705955,0.7910948243299267,0.8010378946050332,0.787019110624523,0.788235294117647
2024-01-01 07:30:00,25.707187182712328,7.271642257354723,5.680986921683996,0.8322211347964589,0.6883187500231696,0.6587133589191476,0.6588235294117647
2024-01-01 08:00:00,25.478843027485272,7.324578962747655,5.901201530825323,0.786758674289094,0.8156375680241332,0.703267819781685,0.7019607843137254
2024-01-01 08:30:00,25.665268513731288,7.264126831159751,5.898014448153797,0.8238752858248621,0.6702432923078671,0.7026229999365898,0.7019607843137254
2024-01-01 09:00:00,25.187207543492793,7.27760984519332,5.613631265242733,0.7286951488164551,0.7026714798405505,0.6450857664061695,0.6431372549019607
2024-01-01 09:30:00,24.86444693268362,7.225108238738846,5.694249177306593,0.6644347279282817,0.5763991244433083,0.6613966170889394,0.6627450980392157
2024-01-01 10:00:00,25.36641219223039,7.2653619255400965,5.270551661450616,0.7643741188249847,0.673213835250765,0.5756729021121354,0.5764705882352941
2024-01-01 10:30:00,24.708922789608547,7.236595954946547,5.559445962238708,0.6334704573277855,0.6040283929865353,0.6341228381452736,0.6352941176470588
2024-01-01 11:00:00,24.534520141377023,7.15713791121764,5.653284088476395,0.5987475475177162,0.4129227294749523,0.6531084410495193,0.6549019607843137
2024-01-01 11:30:00,23.904865337886736,7.175030657053894,5.050664103443567,0.4733856497783778,0.4559568252645215,0.531184611187274,0.5294117647058824
2024-01-01 12:00:00,23.863904318868705,7.1474474476969245,4.978860409752619,0.4652304653043239,0.38961605875978444,0.5166570788277571,0.5176470588235293
2024-01-01 12:30:00,23.766678262987366,7.152578222202553,5.319314355128542,0.44587312409540586,0.40195615700800985,0.5855387122665867,0.5843137254901961
2024-01-01 13:00:00,23.194613515439382,7.067518607654482,5.321848716900395,0.3319771893945805,0.19737807638336882,0.5860514717189039,0.5843137254901961
2024-01-01 13:30:00,23.32855763985624,7.103766381382816,4.895667850316459,0.3586449596313087,0.2845581090658358,0.49982531799269864,0.4980392156862745
2024-01-01 14:00:00,22.849840327520297,7.103654838115569,4.927614233574845,0.2633341473855398,0.28428983477795716,0.5062888032634325,0.5058823529411764
2024-01-01 14:30:00,22.709553704534237,7.010048975368994,4.983617331666199,0.23540360959326048,0.059157051874439176,0.5176195131187935,0.5176470588235293
2024-01-01 15:00:00,22.435359784569556,7.020569800122309,4.8158331143688216,0.18081263376837597,0.08446083612101628,0.4836729217819312,0.4823529411764706
2024-01-01 15:30:00,22.876362865544763,6.990609709741042,4.961402429943269,0.26861468472310984,0.012403399485485127,0.5131249295249131,0.5137254901960784
2024-01-01 16:00:00,22.26457488624664,7.041959560694054,5.019341283030889,0.1468100043271298,0.135905651454799,0.524847286966948,0.5254901960784314
2024-01-01 16:30:00,21.887813202738453,7.072388951019499,5.154989657655067,0.07179817343464505,0.20909180801608152,0.552292061052672,0.5529411764705883
2024-01-01 17:00:00,22.27378457544766,7.09930609336336,5.401822842889247,0.14864361872890952,0.2738306073377655,0.6022320697286353,0.6039215686274509
2024-01-01 17:30:00,21.711899364759624,7.062324996698914,5.565929699960894,0.036774391442681416,0.18488684930167582,0.6354346468382234,0.6352941176470588
2024-01-01 18:00:00,22.05221589875119,7.117221082083583,5.947742344086142,0.10453013045518433,0.3169181998018024,0.7126840926212814,0.7137254901960784
2024-01-01 18:30:00,21.527192746282434,7.037472386541991,5.56272697108895,0.0,0.1251134855093623,0.6347866614083069,0.6352941176470588
2024-01-01 19:00:00,21.736101835197257,7.040359246649615,6.088083232518448,0.04159301206976709,0.13205671353816878,0.7410782697626265,0.7411764705882353
2024-01-01 19:30:00,22.20145624394471,7.104236715581682,5.9791032348635085,0.13424332058575417,0.28568931649214896,0.7190291193486307,0.7176470588235294
2024-01-01 20:00:00,22.452565837429972,7.133477559986201,6.142315780418043,0.1842382940305206,0.35601688446789403,0.7520507567483445,0.7529411764705882
2024-01-01 20:30:00,22.456135389715023,7.138362565426213,6.41487560940421,0.18494897843418623,0.367765880064317,0.8071958548897242,0.807843137254902
2024-01-01 21:00:00,22.556874367029845,7.0957458073274,6.178281128299892,0.20500572905770648,0.26526771309492975,0.7593273706426615,0.7607843137254902
2024-01-01 21:30:00,22.707201218085235,7.174243714518074,6.595328846943288,0.23493523840952896,0.45406413865413137,0.8437056792869475,0.8431372549019608
2024-01-01 22:00:00,22.630369502408143,7.157326427191218,6.659281090171921,0.21963833345389477,0.4133761319062543,0.8566446833299216,0.8549019607843137
2024-01-01 22:30:00,23.054672083171145,7.236154446791652,6.820913778600039,0.3041153777729401,0.602966515485814,0.8893466794361635,0.8901960784313725
2024-01-01 23:00:00,23.36720221705501,7.246391111710894,6.864329265029018,0.3663389492715337,0.62758686290101,0.8981306270519486,0.8980392156862745
2024-01-01 23:30:00,24.00322817211463,7.225920077884916,7.36782821245068,0.4929693192707344,0.5783516902427338,1.0,1.0
2024-01-02 00:00:00,24.085904572392117,7.2564978232705295,6.804491089116962,0.5094298788973601,0.651894657655107,0.8860239930863141,0.8862745098039215
2024-01-02 00:30:00,23.82029234559942,7.256704318866747,6.865163149294634,0.4565474858322562,0.6523913031308257,0.8982993409443699,0.8980392156862745
2024-01-02 01:00:00,24.59865908255374,7.30165331560992,6.869437606960795,0.6115173689187996,0.7604987702123363,0.8991641616642038,0.8980392156862745
2024-01-02 01:30:00,24.6690962946261,7.345469432032174,6.888664720420837,0.6255411523123546,0.8658815308292984,0.903054247237978,0.9019607843137255
2024-01-02 02:00:00,24.83076949992351,7.298526115099853,6.860870977544679,0.6577296780209453,0.7529774960862183,0.8974309362595294,0.8980392156862745
2024-01-02 02:30:00,25.37044193022766,7.3523102355038485,7.197829052783209,0.7651764244691726,0.8823344439021014,0.9656052750741543,0.9647058823529412
2024-01-02 03:00:00,25.671963442997082,7.328024715946545,7.199377633022294,0.825208221003532,0.8239249977224745,0.9659185883367204,0.9647058823529412
2024-01-02 03:30:00,25.81952671036152,7.324427139958285,6.740717922009995,0.8545875112604807,0.8152724168885518,0.8731212202456442,0.8745098039215686
2024-01-02 04:00:00,25.522246426763214,7.346747323473973,6.613359448997851,0.795400127465755,0.8689550055893099,0.8473536831895971,0.8470588235294118
2024-01-02 04:30:00,25.770455971059768,7.3180800469818,6.785733940601389,0.8448177120494837,0.800006933902597,0.8822289921883784,0.8823529411764706
2024-01-02 05:00:00,26.014667510429028,7.329155139039106,6.480795570777203,0.8934393089236318,0.8266437942723833,0.8205329733965536,0.8196078431372549
2024-01-02 05:30:00,26.22677600452821,7.303961509936014,6.607499610097512,0.935669310504676,0.7660502409949126,0.846168103522726,0.8470588235294118
2024-01-02 06:00:00,25.88020644053868,7.390579138271048,6.402942358646934,0.8666686167918818,0.974375522589333,0.8047814848535987,0.803921568627451
2024-01-02 06:30:00,25.936474978581668,7.322182476270715,5.934453397763845,0.8778714705984216,0.8098737445422133,0.7099954343114182,0.7098039215686275
2024-01-02 07:00:00,25.655267909076628,7.287547514929953,6.4182822874428815,0.8218842031378095,0.7265727097180151,0.8078851039088383,0.807843137254902
2024-01-02 07:30:00,25.548707409002404,7.3005162507734465,6.337274530910494,0.8006684092785259,0.7577639995103113,0.7914953787581881,0.792156862745098
2024-01-02 08:00:00,25.935182263167427,7.274674561991254,5.725233739554595,0.8776140958326486,0.6956117887432075,0.6676655039325705,0.6666666666666666
2024-01-02 08:30:00,25.925766687725176,7.254027504144968,5.642547977041914,0.875739490256378,0.6459532582269206,0.6509362797265779,0.6509803921568628
2024-01-02 09:00:00,25.396211031978012,7.260655930672708,5.654347545532629,0.7703069554848263,0.6618953805115216,0.6533236027773253,0.6549019607843137
2024-01-02 09:30:00,25.46840608249045,7.245807915597962,5.548044460290928,0.7846807178852051,0.6261842096907262,0.631816053076439,0.6313725490196078
2024-01-02 10:00:00,25.090409006261908,7.187624453365321,5.505718206005257,0.709422924959208,0.4862463426913052,0.6232524820791194,0.6235294117647059
2024-01-02 10:30:00,24.604086926078903,7.16666118245391,5.679617381954863,0.6125980321030946,0.4358272836648025,0.6584362696538201,0.6588235294117647
2024-01-02 11:00:00,24.60798699158215,7.1563552847574625,5.158115018253736,0.6133745204425536,0.41104042351906755,0.5529243931082867,0.5529411764705883
2024-01-02 11:30:00,24.645561526056596,7.076825893583196,4.963572366623808,0.6208554686101501,0.21976316125869474,0.5135639574317545,0.5137254901960784
2024-01-02 12:00:00,23.991043490222513,7.082630437343413,4.792097068429869,0.49054339503911004,0.23372375145976815,0.47887057586154885,0.4784313725490196
2024-01-02 12:30:00,24.130108529513404,7.15252550349992,4.882451451716618,0.5182307201227353,0.40182936251152523,0.4971513377492609,0.4980392156862745
2024-01-02 13:00:00,22.827425633772524,7.145815342876924,4.999308893179493,0.2588714663579499,0.3856906603997291,0.5207942755291632,0.5215686274509804
2024-01-02 13:30:00,23.440108761363625,7.075713756396173,5.359151428450669,0.38085436740458417,0.2170883443985269,0.5935986649242674,0.592156862745098
2024-01-02 14:00:00,23.021761767059544,7.089198812401754,4.908129337186782,0.297563057898491,0.24952144310694616,0.5023465622971423,0.5019607843137255
2024-01-02 14:30:00,22.707725304366093,7.072148664597994,5.084731843766081,0.2350395820123783,0.20851389174908655,0.5380772955954206,0.5372549019607843
2024-01-02 15:00:00,22.608726631760785,7.148433979755939,5.081438637361125,0.2153293194960242,0.3919887809520988,0.5374110044876055,0.5372549019607843
2024-01-02 15:30:00,21.916401090767305,7.085373922416882,5.382811473929726,0.07748991417225366,0.24032214616840475,0.5983856342103331,0.6
2024-01-02 16:00:00,22.213031220471745,7.046204237982968,5.725555921556027,0.13654785477762266,0.1461145847688128,0.6677306887331131,0.6666666666666666
2024-01-02 16:30:00,22.241519077855365,7.022196470127607,5.202375416091827,0.14221967979085526,0.08837316313145108,0.5618792856602699,0.5607843137254902
2024-01-02 17:00:00,22.437621858607244,7.006041992192753,5.310871931862958,0.18126300418184624,0.04951980002882459,0.5838306166119064,0.5843137254901961
2024-01-02 17:30:00,21.887542722683968,7.066206062362338,5.727918928867404,0.07174432187543675,0.19422125515832037,0.668208779252099,0.6666666666666666
2024-01-02 18:00:00,21.7978765992767,7.045672093357916,5.774020543448588,0.053892134723118816,0.14483471621325572,0.677536192136132,0.6784313725490196
2024-01-02 18:30:00,21.891671016356245,7.036207819000507,6.1317392443839145,0.07256624958298892,0.12207205625023011,0.7499108811849963,0.7490196078431373
2024-01-02 19:00:00,22.296998876847383,7.072063533302994,6.008004389888323,0.15326549862568867,0.20830914126879407,0.7248764851771567,0.7254901960784313
2024-01-02 19:30:00,22.234428712392344,7.073456706440149,5.950042585551197,0.14080801475600963,0.2116598816629444,0.7131494841715005,0.7137254901960784
2024-01-02 20:00:00,22.13550914148936,7.172569845570198,6.270339488486989,0.12111350109039572,0.4500382928001031,0.7779528860978742,0.7764705882352941
2024-01-02 20:30:00,22.54161017769587,7.165792600577519,6.501652427087471,0.20196668650335337,0.4337382451230509,0.82475279328868,0.8235294117647058
2024-01-02 21:00:00,22.610055824963915,7.157529891089097,6.566921968851823,0.21559395685205318,0.41386548580146865,0.8379583170066331,0.8392156862745098
2024-01-02 21:30:00,23.02463838961578,7.221315639870158,6.620301703927936,0.2981357826053155,0.5672774913244933,0.8487582604189929,0.8470588235294118
2024-01-02 22:00:00,22.824486726530658,7.198781561435792,6.8393255864471385,0.25828634100501374,0.5130804609330333,0.893071810004616,0.8941176470588235
2024-01-02 22:30:00,23.152717598620374,7.190225744286902,6.956282643887541,0.3236358702926745,0.49250274423639634,0.9167349023791176,0.9176470588235294
2024-01-02 23:00:00,23.384334871511918,7.2810868866460785,7.0829273344549595,0.3697499961882329,0.7110341613602944,0.9423580248928148,0.9411764705882353
2024-01-02 23:30:00,23.37306887852687,7.270283772785276,7.00651016198643,0.3675069794547863,0.6850514395932747,0.9268970800751628,0.9254901960784314
2024-01-03 00:00:00,24.074030069266144,7.240796446160837,6.898615469903855,0.507065710088781,0.6141310537482344,0.9050675118443671,0.9058823529411765
2024-01-03 00:30:00,24.32631620248507,7.282770564180908,7.000705277581662,0.5572949281592696,0.7150835979853765,0.9257226189618322,0.9254901960784314
2024-01-03 01:00:00,24.518916454365655,7.2772651409265725,7.235367505547419,0.5956409122556128,0.7018424267388058,0.973200164128267,0.9725490196078431
2024-01-03 01:30:00,24.706720081386393,7.275331170488206,6.836373010055441,0.6330319064243943,0.697191007115429,0.8924744361528063,0.8941176470588235
2024-01-03 02:00:00,24.646157314487397,7.355883222915869,7.0620830647805635,0.6209740878407543,0.8909278864039376,0.9381407515655033,0.9372549019607843
2024-01-03 02:30:00,25.1123615273261,7.394471339252417,6.881357984096227,0.7137935891477685,0.9837367101564808,0.901575927071677,0.9019607843137255
2024-01-03 03:00:00,25.3285349332414,7.301975417283144,6.921025748011288,0.7568328993477362,0.7612734614970795,0.9096016245571863,0.9098039215686274
2024-01-03 03:30:00,25.386137363277065,7.3651024020268725,7.1105575532813505,0.7683013260215904,0.9131010643272626,0.9479482512094246,0.9490196078431372
2024-01-03 04:00:00,25.691729379652376,7.330438957198955,6.8180503772226775,0.8291435444791375,0.8297315234657076,0.8887673477328818,0.8901960784313725
2024-01-03 04:30:00,25.94877177922621,7.33452355514144,6.700738138955337,0.8803197172509954,0.8395554476821145,0.8650323941393876,0.8666666666666667
2024-01-03 05:00:00,26.403398127880767,7.327992800472355,6.319268951437413,0.970834109444496,0.8238482373646168,0.7878524374970757,0.788235294117647
2024-01-03 05:30:00,26.026534175955582,7.313978123623285,6.630163959751856,0.8958019172957122,0.7901413400833328,0.8507536207306297,0.8509803921568627
2024-01-03 06:00:00,26.064387597680692,7.333093033121901,6.4914545907048895,0.9033383908635828,0.8361148789632978,0.8226895373413932,0.8235294117647058
2024-01-03 06:30:00,25.96427824380608,7.296196066219232,6.670253165424386,0.8834069958934914,0.7473734626057978,0.8588645855395114,0.8588235294117647
2024-01-03 07:00:00,25.452158848753374,7.316652984943126,6.047225600186268,0.7814459548960178,0.7965746868326403,0.7328118346347382,0.7333333333333333
2024-01-03 07:30:00,25.84113059616027,7.292589710167945,6.021929061824179,0.8588887634819562,0.7386997647182495,0.7276937653440307,0.7294117647058823
2024-01-03 08:00:00,25.747108360054135,7.270875962075986,5.897668214393623,0.8401692907127105,0.6864757224224842,0.7025529489141936,0.7019607843137254
2024-01-03 08:30:00,26.202517208703792,7.233429682269716,6.035578944981806,0.9308394757054133,0.596413145840145,0.7304554494452631,0.7294117647058823
2024-01-03 09:00:00,25.366123321177817,7.224927789754356,5.57811536091026,0.7643166056873867,0.5759651240414285,0.637900085239289,0.6392156862745098
2024-01-03 09:30:00,25.29290969360084,7.245744421071315,5.536957407447588,0.7497400484332302,0.6260314981076717,0.6295728882659133,0.6313725490196078
2024-01-03 10:00:00,24.99132205757369,7.218567003422368,5.495588653413999,0.6896950870075246,0.5606667069727018,0.6212030415072971,0.6196078431372549
2024-01-03 10:30:00,24.4731973553253,7.154609072329294,5.314898298832863,0.5865384119858439,0.4068405833385592,0.5846452428997732,0.5843137254901961
2024-01-03 11:00:00,24.803343793833797,7.1675868048348885,5.104217740842439,0.6522693233262945,0.4380535111299734,0.5420197390238803,0.5411764705882353
2024-01-03 11:30:00,24.4490356426118,7.168425142226417,5.162049814111161,0.581727906067987,0.4400698082339053,0.5537204924620731,0.5529411764705883
2024-01-03 12:00:00,24.197757986760767,7.07800401077573,5.282687264004728,0.5316994720397473,0.22259666756224322,0.5781282125529313,0.5764705882352941
2024-01-03 12:30:00,23.511600751861213,7.1278200812479815,4.82333439982279,0.3950881532063606,0.34241000242888037,0.4851906036945016,0.48627450980392156
2024-01-03 13:00:00,23.833060487528986,7.07658759870351,5.032528222583627,0.4590895747578437,0.219190034877063,0.5275153069702079,0.5294117647058824
2024-01-03 13:30:00,22.884170369571756,7.1003027976406585,4.860215692759278,0.27016912934261533,0.2762277948759815,0.49265253425898997,0.49411764705882355
2024-01-03 14:00:00,23.146714273450073,7.049004328813806,5.250660922778985,0.32244063088224906,0.15284912278419127,0.571648549953449,0.5725490196078431
2024-01-03 14:30:00,23.330091048435055,7.008664696941752,4.735336872481545,0.35895025549879755,0.055827704272761354,0.46738668776352277,0.4666666666666667
2024-01-03 15:00:00,22.33815235634423,7.007241282365786,4.972938847121359,0.16145900125554913,0.05240422976689476,0.5154590110359414,0.5137254901960784
2024-01-03 15:30:00,22.27171888701684,7.053229223473686,5.220575194253013,0.14823234794944348,0.16301047661763846,0.5655615177653571,0.5647058823529412
2024-01-03 16:00:00,22.292862033703035,7.057833440779035,5.5332742422281695,0.15244186875047652,0.1740841447045635,0.6288276995554154,0.6274509803921569
2024-01-03 16:30:00,22.026372021448378,7.023733184592487,5.295399118461293,0.0993847119089204,0.0920691368007837,0.5807001119563528,0.580392156862745
2024-01-03 17:00:00,21.680482489655333,7.0733931555638,5.2977199150279635,0.03051941004290163,0.2115070345524261,0.5811696622745757,0.580392156862745
2024-01-03 17:30:00,22.034251020953885,7.010256551418252,5.895318167341707,0.10095339100867885,0.059656295963030334,0.702077480552635,0.7019607843137254
2024-01-03 18:00:00,21.734424071568473,7.066380221757025,5.348039465440078,0.04125897565601063,0.19464012837890976,0.591350460216179,0.592156862745098
2024-01-03 18:30:00,22.135508384911173,7.042544944295563,5.32263658791269,0.12111335045853049,0.13731356582476287,0.5862108760759486,0.5843137254901961
2024-01-03 19:00:00,21.838292288863414,7.071905636596205,5.979221642833796,0.06193874616314804,0.2079293816686198,0.7190530759939167,0.7176470588235294
2024-01-03 19:30:00,22.539724536231812,7.107325106688073,5.921490158838087,0.20159126239623978,0.29311724957320673,0.7073726740702992,0.7058823529411764
2024-01-03 20:00:00,22.072135869347065,7.0961431955595025,5.947961958922387,0.10849612150769171,0.26622347714604105,0.7127285257343454,0.7137254901960784
2024-01-03 20:30:00,22.33277794036611,7.127806741542141,6.421583000430761,0.16038897529446192,0.3423779189139077,0.8085529137703656,0.807843137254902
2024-01-03 21:00:00,22.78916574196932,7.187957854605028,6.451585675366589,0.25125406612981777,0.4870482107230316,0.8146231423142942,0.8156862745098039
2024-01-03 21:30:00,22.47476106287407,7.1596105596177635,6.406031171559131,0.18865727974618726,0.4188697310742958,0.8054064224748801,0.803921568627451
2024-01-03 22:00:00,23.05686498365103,7.221531275568318,6.369929768795131,0.3045519759918186,0.567796119788519,0.7981022815606909,0.8
2024-01-03 22:30:00,23.56141882384042,7.182173064687021,6.896914991454435,0.40500674353618826,0.4731351307669288,0.9047234660936437,0.9058823529411765
2024-01-03 23:00:00,23.080491101154653,7.251287289665447,6.936535771839187,0.3092558469224439,0.6393627296699926,0.9127396577345114,0.9137254901960784
2024-01-03 23:30:00,23.78510608019297,7.297363530094473,6.8569330117126235,0.44954203303294243,0.7501813464654224,0.8966341955472465,0.8980392156862745
2024-01-04 00:00:00,24.064970698562107,7.197764495786812,7.301366485176759,0.5052620235330891,0.5106343019721306,0.9865532698387772,0.9882352941176471
2024-01-04 00:30:00,24.45650810238443,7.264573866859302,6.757345587029768,0.5832156446394787,0.6713184641843302,0.8764853778428516,0.8784313725490196
2024-01-04 01:00:00,24.208400412485517,7.320845852343531,6.688960678060799,0.5338183388823557,0.8066590114518615,0.8626495439618637,0.8627450980392157
2024-01-04 01:30:00,24.435252711459114,7.310723800835848,6.861378530276639,0.5789837764335688,0.7823143223720004,0.8975336258059675,0.8980392156862745
2024-01-04 02:00:00,25.13048539140422,7.339232272691058,6.979231199734884,0.7174019821634473,0.8508804507828515,0.9213779210114372,0.9215686274509803
2024-01-04 02:30:00,25.291769026325735,7.319069284436838,7.008693636426239,0.7495129458787768,0.8023861628811083,0.9273388469808742,0.9254901960784314
2024-01-04 03:00:00,25.476836774959565,7.3465301381219055,6.867029571853057,0.7863592369742783,0.868432650030779,0.8986769609903625,0.8980392156862745
2024-01-04 03:30:00,25.67331873295671,7.343543007864393,6.925278260062752,0.8254780541254013,0.8612482608479157,0.9104620051763614,0.9098039215686274
2024-01-04 04:00:00,25.562044627174252,7.384991696122404,6.52952267878061,0.8033237991386818,0.9609370865413441,0.8303915837537309,0.8313725490196078
2024-01-04 04:30:00,25.905822489312822,7.356769941953417,6.980203750138761,0.8717686755369424,0.8930605468882196,0.9215746902406694,0.9215686274509803
2024-01-04 05:00:00,26.005119770902805,7.355892698061777,6.574809943954883,0.8915383899764667,0.8909506752112203,0.8395542350948305,0.8392156862745098
2024-01-04 05:30:00,25.80430186824103,7.3275415377300055,6.7043724128640365,0.8515563025880041,0.8227628989678019,0.8657676910175568,0.8666666666666667
2024-01-04 06:00:00,26.466443627786187,7.317009197561382,6.430902823752218,0.9833862308104545,0.797431418833183,0.8104385275588456,0.8117647058823529
2024-01-04 06:30:00,26.10134795297557,7.308147824076975,6.328952864594051,0.9106970582718232,0.7761188042772632,0.7898117150010342,0.788235294117647
2024-01-04 07:00:00,25.634025778277472,7.32037284444108,6.222734703223312,0.8176549749730306,0.8055213734632819,0.7683213473449715,0.7686274509803921
2024-01-04 07:30:00,26.01189746718103,7.281467319026811,6.067640708294854,0.8928878037553011,0.7119491446537326,0.736942278744578,0.7372549019607844
2024-01-04 08:00:00,25.488380390012047,7.286737649188871,5.97633602962498,0.7886575272147875,0.7246248901828052,0.7184692503282265,0.7176470588235294
2024-01-04 08:30:00,25.783477831518088,7.322918616090328,5.9859187950556,0.847410315377693,0.8116442448221389,0.7204080633297719,0.7215686274509804
2024-01-04 09:00:00,25.703862457124952,7.268364670774357,5.636478701327945,0.831559194465367,0.6804357802348047,0.6497083261938111,0.6509803921568628
2024-01-04 09:30:00,25.012352278429514,7.213301978331508,5.622953853811226,0.6938821247014317,0.5480037207453177,0.6469719396674807,0.6470588235294118
2024-01-04 10:00:00,25.240844032311088,7.239575905458555,5.356062212613249,0.7393739715445026,0.6111955140620535,0.5929736457819819,0.592156862745098
2024-01-04 10:30:00,24.86856209646431,7.171693468482604,5.565599917291489,0.665254041523915,0.4479305058857614,0.6353679242484076,0.6352941176470588
2024-01-04 11:00:00,24.723153130203663,7.103463099616676,5.058226003340691,0.6363036644955735,0.28382868180549603,0.5327145567904588,0.5333333333333333
2024-01-04 11:30:00,24.735250630103586,7.115640939197742,5.483419902113662,0.6387122311212059,0.3131177758236824,0.6187410243156544,0.6196078431372549
2024-01-04 12:00:00,23.938652970999282,7.071962411578594,5.059929323903906,0.48011264016045724,0.20806593198084955,0.5330591775659197,0.5333333333333333
2024-01-04 12:30:00,23.550513574470525,7.100973870955345,4.7424824392813925,0.40283554949660877,0.2778418027856855,0.4688323996423388,0.47058823529411764
2024-01-04 13:00:00,23.259983302388576,7.0970188628475706,5.03155517073641,0.3449920675489939,0.26832955691151555,0.5273184362874993,0.5254901960784314
2024-01-04 13:30:00,23.030680564028465,7.133477956951122,4.864029524252135,0.29933875675344784,0.35601783921383456,0.49342415975035686,0.49411764705882355
2024-01-04 14:00:00,22.980724572646476,7.081709924723006,5.179780306791761,0.2893927071904467,0.23150981355193467,0.5573077773624328,0.5568627450980392
2024-01-04 14:30:00,22.86776513568672,7.056238144097422,4.909449457577821,0.266902909119589,0.17024727411814777,0.5026136528981053,0.5019607843137255
2024-01-04 15:00:00,22.654959137459414,7.0809497229377865,4.995486529932719,0.22453403709604547,0.2296814414985944,0.5200209238685043,0.5215686274509804
2024-01-04 15:30:00,22.62008913167654,6.9854526158036085,4.767224673051001,0.21759155039556838,0.0,0.4738383204140725,0.4745098039215686
2024-01-04 16:00:00,22.2711996654006,7.057110202470648,5.129708172531486,0.1481289728829817,0.17234467403155193,0.5471770373770061,0.5490196078431373
2024-01-04 16:30:00,22.515624454266753,7.073988639162229,4.823773305350102,0.1967930269280654,0.2129392405676687,0.48527940433863337,0.48627450980392156
2024-01-04 17:00:00,22.001984139112377,7.0098777944270845,5.091979255669458,0.09452917647182452,0.05874534217270349,0.5395436130720985,0.5411764705882353
2024-01-04 17:30:00,22.69715256889978,7.094414774582529,5.671169684682448,0.23293459023751084,0.26206642743614944,0.6567271069467229,0.6549019607843137
2024-01-04 18:00:00,22.15641683694125,7.078517507941277,5.794802277253493,0.12527614443826848,0.22383168684950502,0.6817408130242589,0.6823529411764706
2024-01-04 18:30:00,21.802820888148307,7.066416792871413,5.847489291593699,0.05487652399876667,0.19472808608278167,0.692400603160517,0.6941176470588235
2024-01-04 19:00:00,21.800425222906583,7.110444175813458,5.697823524197287,0.05439955608017694,0.3006189667911502,0.662119789358352,0.6627450980392157
2024-01-04 19:30:00,22.272859038788223,7.174023932282712,6.012358732480213,0.1484593478690491,0.45353553729490226,0.7257574684477441,0.7254901960784313
2024-01-04 20:00:00,22.212083496099655,7.127411584169776,6.151488014530411,0.13635916642781515,0.3414275203350682,0.7539065098583448,0.7529411764705882
2024-01-04 20:30:00,22.59179344294055,7.146790025458046,6.048238773132378,0.21195798543565275,0.38803488324535995,0.7330168227349849,0.7333333333333333
2024-01-04 21:00:00,22.704095843770286,7.143988243342387,6.703505192965779,0.23431697008987984,0.3812962774969658,0.8655922325628849,0.8666666666666667
2024-01-04 21:30:00,22.764269913818342,7.151421984619515,6.694319355821614,0.24629740059578414,0.39917527366236044,0.863733727247887,0.8627450980392157
2024-01-04 22:00:00,22.788301570482897,7.221370586702691,6.581797813763376,0.25108201284457365,0.5674096447276764,0.8409680412592306,0.8392156862745098
2024-01-04 22:30:00,22.855921329098354,7.190381755549485,6.727800693597315,0.26454485187592947,0.4928779691280741,0.8705077689854881,0.8705882352941177
2024-01-04 23:00:00,23.370733171778205,7.237540151444571,6.848172097836966,0.367041949046137,0.6062992933230168,0.8948616619450707,0.8941176470588235
2024-01-04 23:30:00,23.95304731414076,7.239786748071783,6.468421210783642,0.4829784996169791,0.611702614609796,0.8180293568554811,0.8196078431372549
2024-01-05 00:00:00,24.05352343603255,7.2862832255630225,6.882603609463106,0.50298291671667,0.7235319495004318,0.9018279456224644,0.9019607843137255
2024-01-05 00:30:00,23.949617689762107,7.298490587682025,6.834965690695438,0.4822956743319849,0.7528920485916883,0.8921897032025682,0.8941176470588235
2024-01-05 01:00:00,24.560933321667832,7.334659886855852,6.793741710266763,0.6040063121427656,0.8398833410144654,0.8838491474611975,0.8823529411764706
2024-01-05 01:30:00,24.861696209662384,7.301514670451494,6.943540085675697,0.6638870693442672,0.760165312783104,0.9141567909025358,0.9137254901960784
2024-01-05 02:00:00,24.77903564094971,7.320001648431118,7.347885708375888,0.6474296617225155,0.8046286046956721,0.9959651745142345,0.996078431372549
2024-01-05 02:30:00,25.255954134503817,7.307825928564844,7.088194318815103,0.7423823359299019,0.7753446088334763,0.9434236565030546,0.9450980392156862
2024-01-05 03:00:00,25.428765741984595,7.330603646695435,6.801040985467764,0.7767884755243093,0.830127620500334,0.8853259580712473,0.8862745098039215
2024-01-05 03:30:00,25.300964106124813,7.359532339717501,6.969383737031123,0.7513436516037032,0.899704428776241,0.9193855536869404,0.9176470588235294
2024-01-05 04:00:00,25.82149764765595,7.37266789277197,7.059701650935897,0.8549799174458785,0.9312969329993552,0.9376589369831129,0.9372549019607843
2024-01-05 04:30:00,25.98795519661463,7.3214723569290525,6.8763775659066635,0.8881209879416921,0.8081658264814084,0.9005682743633884,0.9019607843137255
2024-01-05 05:00:00,26.202614463371955,7.371852795802691,6.603166253617432,0.9308588387432195,0.9293365317633041,0.8452913662233797,0.8470588235294118
2024-01-05 05:30:00,26.246340235756346,7.380566982477828,6.351525891005296,0.9395644751901114,0.9502951452448741,0.7943787554245122,0.796078431372549
2024-01-05 06:00:00,25.655582658010726,7.344040431380268,6.502002417199395,0.8219468684640664,0.8624446211732704,0.8248236043070988,0.8235294117647058
2024-01-05 06:30:00,25.74843346276884,7.377428444088306,6.316299297847644,0.8404331136679143,0.9427466022247041,0.7872516085368328,0.788235294117647
2024-01-05 07:00:00,26.060610469380304,7.285325604196624,6.2878198911824175,0.9025863788577712,0.7212287608233621,0.7814895720643126,0.7803921568627451
2024-01-05 07:30:00,25.976205552750628,7.256757212352078,6.105133356627788,0.885781678141484,0.6525185179996434,0.7445279005127984,0.7450980392156863
2024-01-05 08:00:00,25.86081272914539,7.224682796014851,6.057702020715338,0.8628074019627485,0.5753758861374088,0.7349314545376229,0.7333333333333333
2024-01-05 08:30:00,26.54988955324615,7.30553792147564,5.613041246716996,1.0,0.7698416906595363,0.6449663921402403,0.6431372549019607
2024-01-05 09:00:00,25.556936190046383,7.261861899362026,5.860653280514513,0.8023067285640082,0.664795872843459,0.6950639797251067,0.6941176470588235
2024-01-05 09:30:00,25.501414268062593,7.221415144169229,5.520673023232003,0.7912525232003057,0.5675168105199295,0.6262781842404499,0.6274509803921569
2024-01-05 10:00:00,25.2385004408733,7.211938546583231,5.789061525995745,0.7389073713239717,0.5447245117857296,0.6805793275159531,0.6823529411764706
2024-01-05 10:30:00,24.92821467755663,7.1501710582542986,5.139738910583679,0.6771306455446103,0.39616665298898457,0.5492064855035924,0.5490196078431373
2024-01-05 11:00:00,24.43882077904496,7.237979395060517,5.540697224385597,0.5796941652392198,0.6073557243491191,0.6303295389170545,0.6313725490196078
2024-01-05 11:30:00,24.450794689563423,7.149760163984521,5.162813972224029,0.5820781256849035,0.3951784053758556,0.5538750991562671,0.5529411764705883
2024-01-05 12:00:00,23.80679369636561,7.131368013047517,4.937677313309885,0.4538599556562171,0.35094318332315655,0.5083247948534532,0.5098039215686274
2024-01-05 12:30:00,23.6797429638749,7.133292274193545,4.931860292894139,0.42856463376568227,0.3555712509903635,0.5071478783470482,0.5058823529411764
2024-01-05 13:00:00,23.361021022837686,7.110896588423986,4.941864826115389,0.3651082968043665,0.3017070707521658,0.5091720246359446,0.5098039215686274
2024-01-05 13:30:00,23.2551016701164,7.089901358311237,5.085073045027495,0.3440201529660932,0.2512111461990216,0.5381463284280161,0.5372549019607843
2024-01-05 14:00:00,23.578664641668375,7.04818786984672,2.616218694601117,0.4084403208534663,0.15088544578797514,0.03864052833469203,0.0392156862745098
2024-01-05 14:30:00,22.315660843834625,7.076955210675767,2.4252342526505837,0.15698102590206503,0.22007418362495776,0.0,0.0
2024-01-05 15:00:00,22.757351485220532,7.112528290396533,2.5798522981234804,0.24491996754264458,0.30563150021811814,0.031282773120847304,0.03137254901960784
2024-01-05 15:30:00,22.010114351620118,7.092149276458494,3.0735868909624813,0.09614787113331963,0.2566176458923317,0.13117659342142687,0.12941176470588234
2024-01-05 16:00:00,22.149966225983768,7.097837364526573,3.065678070401443,0.12399185211376673,0.27029814686302145,0.1295764578194811,0.12941176470588234
2024-01-05 16:30:00,22.42447858421927,7.035526213052683,2.895813904610697,0.1786462277979418,0.12043271615576859,0.09520904524780059,0.09411764705882353
2024-01-05 17:00:00,22.08421835219573,7.0245472371927224,2.9163605160002426,0.11090169829502908,0.0940270262100936,0.0993660954843077,0.09803921568627451
2024-01-05 17:30:00,21.747674082770054,7.056328545683332,3.0430930187972374,0.04389700293713394,0.17046470024956448,0.12500698442395275,0.12549019607843137
2024-01-05 18:00:00,21.821174072685007,7.070034363085105,3.260345840069406,0.05853057385326997,0.20342875531075755,0.16896220774174184,0.16862745098039217
2024-01-05 18:30:00,22.18700971448605,7.1117011758425654,3.057839266197024,0.13136707103021059,0.30364219531935543,0.12799048813065478,0.12941176470588234
2024-01-05 19:00:00,21.88555668949258,7.040686780938826,3.3397434453384642,0.07134891015386267,0.1328444708843721,0.18502616240094055,0.1843137254901961
2024-01-05 19:30:00,22.206355582372918,7.151789656132399,3.188184188933091,0.13521876039757344,0.4000595656122575,0.15436225238970772,0.15294117647058825
2024-01-05 20:00:00,22.279342152407075,7.117215359560652,3.7320531468695846,0.14975011135090288,0.31690443648105626,0.264399403399881,0.2627450980392157
2024-01-05 20:30:00,22.250393232516075,7.126536975770613,3.9093508989114385,0.14398649053053716,0.3393239873182596,0.3002708007843072,0.30196078431372547
2024-01-05 21:00:00,23.121772459958233,7.12740593907079,3.8061882401524745,0.3174748098402027,0.341413943227745,0.27939863131256354,0.2784313725490196
2024-01-05 21:30:00,22.94095689756206,7.1272716155474845,4.3336442503644825,0.28147511299497774,0.34109087982419556,0.38611506695384795,0.38431372549019605
2024-01-05 22:00:00,22.493714353335598,7.221155629725221,3.8808375159288397,0.19243080842807994,0.5668926486643695,0.29450189012433625,0.29411764705882354
2024-01-05 22:30:00,23.28124671396217,7.218263809342401,3.929548549756441,0.3492255326357401,0.5599374906076154,0.3043572483074655,0.3058823529411765
2024-01-05 23:00:00,23.316915293602857,7.196694337335757,4.35138589995945,0.3563270123808913,0.5080604487628922,0.3897046091536051,0.38823529411764707
2024-01-05 23:30:00,23.95205594925895,7.2152641083128275,4.586187844990931,0.4827811226061991,0.5527228672832742,0.4372104222835548,0.43529411764705883
2024-01-06 00:00:00,23.801869815391814,7.261840289811926,4.768824624258798,0.4528796295160909,0.6647438994092247,0.4741620272005918,0.4745098039215686
2024-01-06 00:30:00,24.232368274073377,7.338551370282098,4.37958568772121,0.5385902497718662,0.8492428027796499,0.3954100723154832,0.396078431372549
2024-01-06 01:00:00,24.643884909950156,7.295745947987207,4.709801878932007,0.6205216606637665,0.746290876886934,0.46222037352504325,0.4627450980392157
2024-01-06 01:30:00,24.981805663272713,7.271720873823594,4.492058450352746,0.6878004087765426,0.6885078316031008,0.4181658891085108,0.4196078431372549
2024-01-06 02:00:00,24.699925898236053,7.320725604567341,4.453822943017819,0.6316792101714729,0.8063698018265516,0.41042996994421965,0.4117647058823529
2024-01-06 02:30:00,25.133897549057203,7.329007132945883,4.636757734059034,0.718081329889205,0.8262878227266245,0.4474418694708832,0.44705882352941173
2024-01-06 03:00:00,25.29547723458285,7.263025845209471,4.545741359107007,0.7502512361637836,0.6675952954447302,0.42902717150210473,0.42745098039215684
2024-01-06 03:30:00,25.423374372439042,7.346584478930621,4.039588749363039,0.775715074171857,0.8685633458775184,0.32662090186703263,0.3254901960784314
2024-01-06 04:00:00,26.17341436763915,7.343030198366349,4.575138633563876,0.9250452097596185,0.8600148954794813,0.43497491365854485,0.43529411764705883
2024-01-06 04:30:00,25.949004492762807,7.370023507598784,4.4674691001535995,0.8803660496388621,0.9249368848609183,0.41319090018586396,0.4117647058823529
2024-01-06 05:00:00,25.616630663994375,7.401233301047881,3.9661276393314884,0.8141916732943428,1.0,0.31175803620802106,0.30980392156862746
2024-01-06 05:30:00,26.212355209511315,7.373694797600112,4.0600739532338865,0.9327981845794754,0.9337667563090609,0.3307655279555725,0.32941176470588235
2024-01-06 06:00:00,26.530539049253157,7.3235707235669105,3.9611637917332185,0.996147387601385,0.8132126377266812,0.31075373611000723,0.30980392156862746
2024-01-06 06:30:00,26.24100603788541,7.287928792449313,3.789736973928073,0.9385024565025527,0.7274897256663061,0.2760701632332097,0.27450980392156865
2024-01-06 07:00:00,25.552009161089632,7.3857400742672255,3.4987202164077793,0.8013257756723426,0.9627370213901267,0.21719080557461223,0.21568627450980393
2024-01-06 07:30:00,25.72670054680601,7.295873406471854,3.3437743227037773,0.836106172027181,0.7465974290890205,0.18584170124513807,0.1843137254901961
2024-01-06 08:00:00,26.04877859486554,7.278462282239367,3.342680663453182,0.9002306972449848,0.7047216882227572,0.1856204289214371,0.1843137254901961
2024-01-06 08:30:00,25.409789314177775,7.259932839517664,3.454634092880979,0.7730103402841909,0.6601562637590961,0.20827117270867812,0.20784313725490194
2024-01-06 09:00:00,25.525168419409656,7.248173472494441,3.2058944983065345,0.7959818851865059,0.6318736440017249,0.15794545374460106,0.1568627450980392
2024-01-06 09:30:00,25.411181371374784,7.218751871938824,2.9070302358763023,0.7732874936244203,0.5611113368533501,0.09747836604510496,0.09803921568627451
2024-01-06 10:00:00,24.768267382105478,7.18632962758723,5.528349093600358,0.6452857419801763,0.483132138919838,0.6278312291457743,0.6274509803921569
2024-01-06 10:30:00,24.750485525714737,7.167529961436039,4.707867950075578,0.6417454414057743,0.437916796268349,0.46182909540829753,0.4627450980392157
2024-01-06 11:00:00,23.70732125518777,7.163624237565531,5.423257603826964,0.43405536760305724,0.4285230846094888,0.6065688129675203,0.6078431372549019
2024-01-06 11:30:00,24.004955474106534,7.129580785391251,4.775289059775879,0.4933132185858416,0.3466446968381107,0.4754699306152075,0.4745098039215686
2024-01-06 12:00:00,23.936857962151706,7.106700795729055,4.995472725752145,0.47975526066562335,0.29161571046575385,0.5200181309665005,0.5215686274509804
2024-01-06 12:30:00,23.427001820068686,7.114712182307341,4.804703480779772,0.37824482480253674,0.31088400950561634,0.4814211419109625,0.4823529411764706
2024-01-06 13:00:00,23.890464735777872,7.088816994949259,4.746997992610071,0.4705185441850443,0.24860312855784517,0.4697459995385482,0.47058823529411764
2024-01-06 13:30:00,22.877097790779658,7.128304627240343,5.232405213222815,0.26876100556689947,0.3435753908405066,0.567955001645688,0.5686274509803921
2024-01-06 14:00:00,22.889988878325756,6.992373009258291,4.9181113567316395,0.2713275725012654,0.016644336065338026,0.5043661535534836,0.5058823529411764
2024-01-06 14:30:00,22.81516228630409,7.095556365519362,5.109275029784443,0.2564298801066295,0.2648120839260889,0.543042944446607,0.5411764705882353
2024-01-06 15:00:00,22.946104759893434,7.093450111277211,5.075339100799841,0.28250003297904613,0.2597463020923009,0.5361769284921072,0.5372549019607843
2024-01-06 15:30:00,22.054327781622675,6.9895849681016005,5.240540984684733,0.10495059837364548,0.009938778891482519,0.569601054614653,0.5686274509803921
2024-01-06 16:00:00,22.55874013046986,7.03976113790498,5.2355338145933565,0.2053771955251685,0.13061819374669906,0.5685879893837031,0.5686274509803921
2024-01-06 16:30:00,22.154799200232326,7.039719457365745,5.051950725838179,0.12495407906759302,0.13051794729294508,0.5314449243760725,0.5333333333333333
2024-01-06 17:00:00,21.822771184659874,7.012010030958945,5.608013184256036,0.058848552826767375,0.06387361437853635,0.6439490999042494,0.6431372549019607
2024-01-06 17:30:00,22.132636145818196,7.036767652658595,5.420335436821329,0.12054149848271656,0.12341852009031785,0.6059775916312337,0.6078431372549019
2024-01-06 18:00:00,22.049764923893367,7.035045340352469,5.326325865791375,0.10404215060053247,0.11927616243098121,0.586957301517466,0.5882352941176471
2024-01-06 18:30:00,21.867056057962678,7.131443543591145,5.67677474704353,0.06766550415884955,0.3511248429006909,0.6578611394824055,0.6588235294117647
2024-01-06 19:00:00,22.085598868669365,7.119531071624693,6.191370710949995,0.11117655392074009,0.3224739882813772,0.7619756931139318,0.7607843137254902
2024-01-06 19:30:00,22.055912535761983,7.144049799398405,6.191945352131307,0.10526611694866904,0.381444326836924,0.7620919561907666,0.7607843137254902
2024-01-06 20:00:00,22.296328528743935,7.143605758439318,6.082478095466961,0.153132034845331,0.38037635765306016,0.7399442221153635,0.7411764705882353
2024-01-06 20:30:00,22.57882598804779,7.105471854732519,6.210060170107204,0.2093762140504517,0.28865996711318803,0.76575699890381,0.7647058823529411
2024-01-06 21:00:00,22.982290641663234,7.142033462340201,6.338498522368872,0.2897045056280083,0.376594806092546,0.7917430202736218,0.792156862745098
2024-01-06 21:30:00,22.473023267275845,7.191598552540295,6.934196494418647,0.18831129119362028,0.4958045047609058,0.9122663683161278,0.9137254901960784
2024-01-06 22:00:00,23.53325834366407,7.159796677939606,6.702377738975624,0.3994000980907959,0.4193173668795353,0.8653641227890849,0.8666666666666667
2024-01-06 22:30:00,22.746611185389195,7.2374542232319214,6.808431855236624,0.24278161433437487,0.6060926261648278,0.8868213003609382,0.8862745098039215
2024-01-06 23:00:00,23.44441563603606,7.228183402383244,7.012552227053823,0.3817118499160634,0.5837952439686559,0.9281195282706924,0.9294117647058824
2024-01-06 23:30:00,23.886026917181045,7.2428718472482485,6.924526016273806,0.4696349912318431,0.6191226302236844,0.9103098090228711,0.9098039215686274
2024-01-07 00:00:00,24.070247966933756,7.293242629836735,6.880230656803086,0.5063127077719493,0.7402701110377425,0.9013478429315858,0.9019607843137255
2024-01-07 00:30:00,24.105377504484945,7.301808623867998,6.9320925704780025,0.5133068662691301,0.7608723042979466,0.9118406962990135,0.9137254901960784
2024-01-07 01:00:00,24.46560752761572,7.292704703553543,6.979745460362935,0.5850273059005517,0.7389763369345134,0.9214819677189421,0.9215686274509803
2024-01-07 01:30:00,24.642116631065466,7.3515950565180646,6.99231569695092,0.6201696030037782,0.8806143568197401,0.924025214582881,0.9254901960784314
2024-01-07 02:00:00,24.852658810763938,7.295665996661922,7.133874311733379,0.6620877572922405,0.7460985848249837,0.9526657656647233,0.9529411764705882
2024-01-07 02:30:00,25.429923382272694,7.355666908246641,6.970414923723159,0.7770189573416657,0.8904076249370025,0.9195941863807088,0.9176470588235294
2024-01-07 03:00:00,25.503467433864362,7.36172548223677,7.061804798867437,0.7916613007715344,0.9049791868328374,0.9380844519958057,0.9372549019607843
2024-01-07 03:30:00,25.413479281767305,7.338926931746736,6.8387238647381725,0.773744998921044,0.8501460709639737,0.8929500679165829,0.8941176470588235
2024-01-07 04:00:00,25.95695077642719,7.359742224939873,6.7955576016819155,0.8819481247610085,0.9002092266897094,0.8842165438991654,0.8823529411764706
2024-01-07 04:30:00,25.92458394524173,7.311603909362821,6.291810692417684,0.8755040106865566,0.7844310838239099,0.7822970025892,0.7803921568627451
2024-01-07 05:00:00,26.135067182287877,7.373485428775728,6.77450571457389,0.9174104297151398,0.9332632003916899,0.8799572648082168,0.8784313725490196
2024-01-07 05:30:00,26.140296933228523,7.3343507826203895,6.55021094172601,0.9184516534126155,0.839139910050901,0.8345772933454281,0.8352941176470589
2024-01-07 06:00:00,25.792751247269482,7.315955693667985,6.561959776448601,0.8492566174954193,0.7948976217358551,0.8369543517925003,0.8352941176470589
2024-01-07 06:30:00,25.84284446269838,7.35259484648667,5.658351145124553,0.859229987848861,0.8830189657977113,0.6541336227029931,0.6549019607843137
2024-01-07 07:00:00,26.118675053858954,7.287408969453448,6.526456188133017,0.9141468187390211,0.7262394920351802,0.8297711624380141,0.8313725490196078
2024-01-07 07:30:00,26.00035163138094,7.251843014560513,5.950181070660354,0.8905890713723149,0.6406993114660893,0.7131775028819759,0.7137254901960784
2024-01-07 08:00:00,25.726825409077843,7.231345528276262,6.069428040998974,0.8361310316348044,0.5914005176267157,0.737303897100983,0.7372549019607844
2024-01-07 08:30:00,25.616038526409664,7.278836890671334,5.512107103604,0.8140737809334323,0.705622664254741,0.624545102442173,0.6235294117647059
2024-01-07 09:00:00,25.733629786320204,7.203818049096517,5.719729248400163,0.837485757493018,0.5251937885585476,0.6665518192562241,0.6666666666666666
2024-01-07 09:30:00,25.06963001080848,7.275726509756073,5.270469989658787,0.7052859052958635,0.6981418431737084,0.5756563780374302,0.5764705882352941
2024-01-07 10:00:00,25.13677434529251,7.141081605557125,5.249255559331528,0.7186540891748774,0.37430548189626456,0.5713642127291318,0.5725490196078431
2024-01-07 10:30:00,24.714818701621713,7.234829420721952,5.6603827449749495,0.6346443111835451,0.5997796765663455,0.6545446618996013,0.6549019607843137
2024-01-07 11:00:00,24.463217789398236,7.17093735968809,5.155367983599874,0.5845515180301449,0.4461119779421904,0.5523686050592976,0.5529411764705883
2024-01-07 11:30:00,24.53574659743691,7.142982135169153,5.166718390167444,0.5989917302958176,0.37887647251578177,0.5546650523620474,0.5529411764705883
2024-01-07 12:00:00,24.206354087247018,7.111738596605102,5.241974460170525,0.5334109232414869,0.30373219652399214,0.5698910795484127,0.5686274509803921
2024-01-07 12:30:00,23.942325024560056,7.1234933589071465,5.127773837299522,0.4808437321817161,0.3320037414014038,0.5467856770411791,0.5450980392156862
2024-01-07 13:00:00,23.80873161158355,7.095337270399139,5.036018068782967,0.45424578727067044,0.26428513515718777,0.5282213828137273,0.5294117647058824
2024-01-07 13:30:00,23.23988409567801,7.116283894043359,5.073232056240357,0.34099039126172553,0.314664155606185,0.535750625102304,0.5372549019607843
2024-01-07 14:00:00,23.170488242823744,7.075328932969942,5.4923347140416725,0.3271739385628381,0.21616280013952743,0.620544695019847,0.6196078431372549
2024-01-07 14:30:00,22.70491045283419,7.0673202128055435,5.028450494031584,0.2344791556836381,0.19690091412937422,0.5266902890575068,0.5254901960784314
2024-01-07 15:00:00,22.66682802574902,7.045159189135866,5.124943025918671,0.22689708801187014,0.1436011230227774,0.546212939040875,0.5450980392156862
2024-01-07 15:30:00,22.380757555825614,7.050078306362213,5.3552636984416315,0.16994153586172175,0.15543216135842536,0.5928120880699561,0.592156862745098
2024-01-07 16:00:00,22.2921981836793,7.059275818794153,5.4412746229729025,0.1523096987132937,0.17755322844584023,0.6102140687365512,0.611764705882353
2024-01-07 16:30:00,22.301030191336658,6.99955763156592,5.545955231787969,0.1540681181434915,0.033924172677777274,0.631393354283062,0.6313725490196078
2024-01-07 17:00:00,21.863593176613495,7.013789819137308,5.536505864772439,0.06697605753639332,0.06815420807017887,0.6294815308372388,0.6313725490196078
2024-01-07 17:30:00,22.54020709617374,7.082400076107002,5.290485770907495,0.20168733826155183,0.23316970639566084,0.5797060291743642,0.580392156862745
2024-01-07 18:00:00,21.748495654625074,7.073488578860282,5.964328551983545,0.044060574796355334,0.2117365384708809,0.7160398624927912,0.7176470588235294
2024-01-07 18:30:00,21.713563124055444,7.073355930197857,5.533128700632968,0.03710563964653737,0.21141750329889597,0.6287982531561389,0.6274509803921569
2024-01-07 19:00:00,22.357676065796877,7.092013737822231,5.9517458458709385,0.1653460982082413,0.25629166000344106,0.7134940927583265,0.7137254901960784
2024-01-07 19:30:00,22.35015660846816,7.116330597709431,5.871045833704744,0.16384900260050123,0.31477648325325897,0.697166631343823,0.6980392156862745
2024-01-07 20:00:00,22.423979146694155,7.10576280610874,6.139380853029926,0.17854679166944165,0.28935973837853696,0.7514569536943231,0.7529411764705882
2024-01-07 20:30:00,22.570379696733596,7.115994266106966,6.345664193031586,0.20769458929012713,0.3139675673646652,0.793192799624504,0.792156862745098
2024-01-07 21:00:00,22.58272474441517,7.163644427981525,6.467096975702402,0.21015244174589515,0.4285716448642333,0.8177614337584169,0.8196078431372549
2024-01-07 21:30:00,22.5581635491111,7.147566132375006,6.6032310485535355,0.20526240035020166,0.38990150895575043,0.8453044757234986,0.8470588235294118
2024-01-07 22:00:00,23.018951139548435,7.208708094877799,6.948732902341043,0.29700347255636705,0.5369549067509634,0.9152074166888297,0.9137254901960784
2024-01-07 22:30:00,23.065342707391792,7.164986762199614,6.813130386101206,0.3062398588297806,0.43180011185591477,0.8877719208049393,0.8862745098039215
2024-01-07 23:00:00,23.726141843149406,7.266267833447759,6.757664209189329,0.43780247571747516,0.6753926471576484,0.8765498424058226,0.8784313725490196
2024-01-07 23:30:00,23.70218327018435,7.268294395947127,7.069585618126171,0.433032414157749,0.6802667612550293,0.9396586900016015,0.9411764705882353
2024-01-08 00:00:00,23.79362570080187,7.279594722820047,7.169933183752155,0.4512382573794101,0.7074453370618423,0.959961301634713,0.9607843137254902
2024-01-08 00:30:00,24.180705924026846,7.317961454041781,6.7258409772676,0.528304470631285,0.7997217043471433,0.8701112734720686,0.8705882352941177
2024-01-08 01:00:00,24.620870953773945,7.353497921861993,7.113545726215719,0.6159396687457388,0.8851909651410488,0.9485528270573846,0.9490196078431372
2024-01-08 01:30:00,24.624435726529182,7.347246264367681,7.139994692715068,0.6166494015630362,0.8701550153815277,0.9539040589640451,0.9529411764705882
2024-01-08 02:00:00,24.794444901108395,7.27287166954997,6.928835702333984,0.6504975873311885,0.6912756266624125,0.9111817572539478,0.9098039215686274
2024-01-08 02:30:00,25.278444660890408,7.298801531036242,7.235167109224025,0.7468601149500109,0.7536399028457503,0.9731596193606766,0.9725490196078431
2024-01-08 03:00:00,25.47545520515027,7.325187887166848,6.885265666017819,0.7860841716334077,0.8171021007472817,0.9023665406550251,0.9019607843137255
2024-01-08 03:30:00,25.459970886739686,7.3489960564324806,6.8799824714541975,0.783001302209732,0.8743634649966697,0.9012976293492225,0.9019607843137255
2024-01-08 04:00:00,25.614291231164295,7.365488004886683,6.7452161987619235,0.81372590103693,0.9140284832129765,0.8740313246945459,0.8745098039215686
2024-01-08 04:30:00,25.905771549361983,7.327365002259777,6.694566638840398,0.8717585335847607,0.8223383110143594,0.8637837582681964,0.8627450980392157
2024-01-08 05:00:00,25.569830567203805,7.351367621133833,6.371985162254355,0.8048739504475878,0.8800673487640438,0.7985181347495107,0.8
2024-01-08 05:30:00,25.631023779153484,7.31723635874308,6.192903070027547,0.817057288264204,0.7979777674004921,0.7622857244638697,0.7607843137254902
2024-01-08 06:00:00,25.82038894468689,7.3132918501937985,6.6812587671216725,0.8547591788642619,0.7884907741627852,0.8610912709170275,0.8627450980392157
2024-01-08 06:30:00,25.92952793481966,7.2789247368061165,6.068209951099625,0.8764883403739622,0.7058339442345476,0.7370574496061542,0.7372549019607844
2024-01-08 07:00:00,26.00957854397764,7.280842282786404,5.91050277728561,0.8924261148872461,0.7104458611617632,0.7051496750455277,0.7058823529411764
2024-01-08 07:30:00,26.216598119259963,7.25354631528293,5.547420973570645,0.9336429319157599,0.644795944096862,0.6316899074279487,0.6313725490196078
2024-01-08 08:00:00,25.94646571336939,7.248768205892659,5.719999128113572,0.8798605882321735,0.6333040456998409,0.666606422105579,0.6666666666666666
2024-01-08 08:30:00,25.546722048091613,7.2922658460292,5.455470330347607,0.8002731314054842,0.7379208345027801,0.6130861855825157,0.611764705882353
2024-01-08 09:00:00,25.409459510397415,7.213748963006447,5.925577499414916,0.7729446775947961,0.5490787699017653,0.7081996367158397,0.7098039215686275
2024-01-08 09:30:00,24.966890516857998,7.302054146241665,5.683116520162051,0.6848308593516129,0.7614628136274583,0.6591442254834206,0.6588235294117647
2024-01-08 10:00:00,24.995371716001905,7.218339024820064,5.236379282435144,0.6905013587344185,0.5601183924155434,0.5687590468989804,0.5686274509803921
2024-01-08 10:30:00,24.69320220500015,7.189480813384097,5.728063635270455,0.6303405481947875,0.49071110039808785,0.6682380566728677,0.6666666666666666
2024-01-08 11:00:00,24.598317730289562,7.138856102266575,5.389857561150863,0.6114494069698111,0.36895289249148655,0.5998112190911558,0.6
2024-01-08 11:30:00,24.05424464855203,7.166892824907535,5.058265538829774,0.5031265074105139,0.43638441020253177,0.5327225557257153,0.5333333333333333
2024-01-08 12:00:00,24.12983662856029,7.110817034422237,4.568079771058057,0.5181765856679668,0.30151573429866263,0.4335467440449308,0.43529411764705883
2024-01-08 12:30:00,24.122132343810556,7.115179569915946,5.4868259742231515,0.5166426916174531,0.31200813004606576,0.6194301507414123,0.6196078431372549
2024-01-08 13:00:00,23.455171872680754,7.173268847619949,4.728019794401533,0.3838533760837951,0.4517194725050717,0.4659062752231594,0.4666666666666667
2024-01-08 13:30:00,23.335061065794555,7.080303040591123,4.6711601063557335,0.3599397672193955,0.2281260966506648,0.4544022575943071,0.4549019607843137
2024-01-08 14:00:00,23.17253599792778,7.106380303298652,5.216165683395945,0.32758163888454533,0.2908448895936512,0.5646693726907401,0.5647058823529412
2024-01-08 14:30:00,22.6821720240111,7.041715867207911,5.527924734706156,0.22995202022294947,0.13531954080850905,0.627745371618805,0.6274509803921569
2024-01-08 15:00:00,22.641809558079512,7.055017900787373,5.3615777802777815,0.22191600541201642,0.16731244969422907,0.5940895714901003,0.592156862745098
2024-01-08 15:30:00,22.416441419612976,7.10491069414291,5.257914643250585,0.17704605862285844,0.2873103118513527,0.5731161437980167,0.5725490196078431
2024-01-08 16:00:00,22.292368217068336,7.031232753993758,5.339120304714358,0.15234355172006897,0.1101064571175395,0.5895459096505727,0.5882352941176471
2024-01-08 16:30:00,21.95898848901356,7.105236140085527,5.479232282431954,0.08596890461961842,0.28809304648566114,0.6178937729096584,0.6196078431372549
2024-01-08 17:00:00,22.074275890986602,7.075467939864144,5.5605455383239555,0.10892219174879607,0.2164971275845839,0.634345307580188,0.6352941176470588
2024-01-08 17:30:00,22.14160985006374,7.043228150009493,5.575325038247467,0.12232812916946298,0.13895675353928716,0.6373355390343026,0.6392156862745098
2024-01-08 18:00:00,22.36278590194876,7.087334847888109,5.658482466313701,0.1663634473233223,0.24503839572212108,0.654160191988315,0.6549019607843137
2024-01-08 18:30:00,22.25692798377368,7.108052063777238,5.749879153656807,0.14528753487160587,0.29486566433840533,0.6726518358673123,0.6745098039215687
2024-01-08 19:00:00,22.606443961799755,7.110115018696787,5.740425835049804,0.2148748485118579,0.29982730635969435,0.6707392129239973,0.6705882352941176
2024-01-08 19:30:00,21.960404044255412,7.058796404951866,5.965765988335254,0.08625073633199445,0.1764001834408628,0.7163306888004749,0.7176470588235294
2024-01-08 20:00:00,22.48602935161129,7.100141481243275,5.813617159509454,0.19090075355523686,0.2758398105296464,0.6855474947806381,0.6862745098039216
2024-01-08 20:30:00,22.459128820852115,7.131917848802489,6.26024378561194,0.185544959289121,0.35226560106521504,0.7759102940991865,0.7764705882352941
2024-01-08 21:00:00,23.133237170931327,7.155536067455594,6.205107311182171,0.3197573905759538,0.409070112412895,0.7647549220661581,0.7647058823529411
2024-01-08 21:30:00,22.580402570643766,7.195537478629978,6.298129034263324,0.2096901057020025,0.5052780715461662,0.783575347906867,0.7843137254901961
2024-01-08 22:00:00,22.79006953945481,7.201791542234362,6.6619694787600094,0.25143400880209604,0.5203198082750138,0.857188605936139,0.8588235294117647
2024-01-08 22:30:00,23.0847849739088,7.176003939565446,7.000823983067325,0.31011074080100604,0.45829768078304894,0.9257466358012951,0.9254901960784314
2024-01-08 23:00:00,22.951387978717502,7.246799099858166,6.990158857447917,0.28355190193055113,0.6285681209578454,0.9235888365351302,0.9254901960784314
2024-01-08 23:30:00,23.607508860139692,7.27243404383325,6.562668063743864,0.41418309601587033,0.6902230868685957,0.8370976545402121,0.8352941176470589
2024-01-09 00:00:00,23.810216834611573,7.288707544228561,6.734113458653159,0.45454148957664364,0.7293627125723491,0.8717849859908071,0.8705882352941177
2024-01-09 00:30:00,24.29865083105916,7.320904146290056,7.159516777892642,0.5517868569996578,0.8067992150461933,0.957853824074502,0.9568627450980391
2024-01-09 01:00:00,24.60307708414933,7.328551353164582,6.797568233538086,0.6123969763817592,0.8251916203356146,0.8846233407901347,0.8862745098039215
2024-01-09 01:30:00,25.23440957453416,7.330590564793991,6.954833514253483,0.7380928952573557,0.8300961570343575,0.9164417102525045,0.9176470588235294
2024-01-09 02:00:00,25.237605959546503,7.32599292514616,7.098358822810894,0.7387292834637695,0.819038308964455,0.945480168544801,0.9450980392156862
2024-01-09 02:30:00,25.073296944101838,7.287360012032833,6.766356855588972,0.7060159778911816,0.7261217438512151,0.8783085639334948,0.8784313725490196
2024-01-09 03:00:00,25.189609894535998,7.356820991071696,6.936351884653516,0.7291734478529158,0.8931833258437845,0.9127024531437303,0.9137254901960784
2024-01-09 03:30:00,25.709686473459097,7.354443955541049,6.588062081776249,0.8327187341624617,0.8874662841075854,0.8422354462016197,0.8431372549019608
2024-01-09 04:00:00,25.401992505813716,7.3581055993884705,6.659557034828454,0.7714580251308556,0.8962729554546935,0.8567005132562271,0.8549019607843137
2024-01-09 04:30:00,26.305623756486163,7.310834859379772,6.755407216152612,0.9513676006838947,0.7825814308449653,0.8760932010035399,0.8745098039215686
2024-01-09 05:00:00,26.226711682758452,7.313332921987273,6.272641432927067,0.9356565042827933,0.7885895565135107,0.778418622198958,0.7764705882352941
2024-01-09 05:30:00,25.86559580972144,7.371492432313667,6.569008194138492,0.863759695274465,0.9284698164448361,0.8383804081805465,0.8392156862745098
2024-01-09 06:00:00,25.57171636772728,7.330450729667856,6.358430194691334,0.8052494062228319,0.8297598375969765,0.7957756542477199,0.796078431372549
2024-01-09 06:30:00,26.321357816288977,7.3415695906327425,6.348100211646721,0.9545001926773033,0.8565019671847285,0.7936856620030341,0.792156862745098
2024-01-09 07:00:00,25.90321669126498,7.309388831453644,6.153564073989797,0.871249870968801,0.7791035686511548,0.754326544252485,0.7529411764705882
2024-01-09 07:30:00,26.15721314301594,7.294989537636292,6.250927082286157,0.9218196070115595,0.7444716236658022,0.7740253115573151,0.7725490196078432
